﻿{"frames": {

"WordDesktop":
{
	"frame": {"x":184,"y":0,"w":270,"h":206},
	"rotated": false,
	"trimmed": false,
	"spriteSourceSize": {"x":0,"y":0,"w":270,"h":206},
	"sourceSize": {"w":270,"h":206}
},
"wordMobile300x6002x":
{
	"frame": {"x":0,"y":0,"w":182,"h":306},
	"rotated": false,
	"trimmed": false,
	"spriteSourceSize": {"x":0,"y":0,"w":182,"h":306},
	"sourceSize": {"w":182,"h":306}
}},
"meta": {
	"app": "Adobe Animate",
	"version": "21.0.3.38773",
	"image": "screen3_atlas_1.png",
	"format": "undefined",
	"size": {"w":512,"h":512},
	"scale": "1"
}
}
